<?xml version="1.0" encoding="UTF-8"?>
<beans xmlns="http://www.springframework.org/schema/beans"
	xmlns:xsi="http://www.w3.org/2001/XMLSchema-instance" xmlns:mvc="http://www.springframework.org/schema/mvc"
	xmlns:context="http://www.springframework.org/schema/context"
	xmlns:websocket="http://www.springframework.org/schema/websocket"
	xsi:schemaLocation="http://www.springframework.org/schema/mvc http://www.springframework.org/schema/mvc/spring-mvc.xsd
		http://www.springframework.org/schema/beans http://www.springframework.org/schema/beans/spring-beans.xsd
		http://www.springframework.org/schema/context http://www.springframework.org/schema/context/spring-context.xsd
		http://www.springframework.org/schema/websocket http://www.springframework.org/schema/websocket/spring-websocket.xsd">
	<context:component-scan base-package="com.esuizhen.chat" />
 
	<mvc:resources location="/js/" mapping="/js/**" />
	<mvc:resources location="/images/" mapping="/images/**" />
	<mvc:resources location="/css/" mapping="/css/**" />

     <mvc:annotation-driven>
	    <mvc:message-converters register-defaults="true">
	        <bean class="com.westangel.common.spring.GsonHttpMessageCommonConverter"/>
	    </mvc:message-converters>
    </mvc:annotation-driven>
    
    <mvc:interceptors>
		<mvc:interceptor>
			<mvc:mapping path="/**" />
			<bean class="com.westangel.common.spring.PathInterceptor"/>
		</mvc:interceptor>
	</mvc:interceptors>
    
	
	<bean id="messageSource" class="org.springframework.context.support.ResourceBundleMessageSource">
       <property name="basenames" >
	    	<list>
	    	    <value>message/messages</value>
	    	    <value>message/push_content</value>
	    	</list>
	    </property>   	
	</bean>

    <mvc:annotation-driven conversion-service="conversionService">
	    <mvc:message-converters register-defaults="true">
	        <bean class="com.westangel.common.spring.GsonHttpMessageCommonConverter"/>
	    </mvc:message-converters>
    </mvc:annotation-driven>
    
    <bean id="conversionService"
		class="org.springframework.format.support.FormattingConversionServiceFactoryBean">
		<property name="formatters">
			<set>
				<bean class="com.westangel.common.spring.DateFormatter"></bean>
			</set>
		</property>
	</bean>
	<bean class="com.westangel.common.spring.SpringContext"/>
	
</beans>
